theme,url,img,lines,author
GIVING BACK,/inspirational-quotes/7159-no-one-has-ever-become-poor-by-giving,https://cdn.passiton.com/quotes/images/7159/large_20260529_friday_quote.jpg,No,one
GIVING BACK,/inspirational-quotes/7046-no-one-is-useless-in-this-world-who-lightens,https://cdn.passiton.com/quotes/images/7046/large_20260528_thursday_quote.jpg,No,one
GIVING BACK,/inspirational-quotes/4692-wherever-there-is-a-human-in-need-there-is-an,https://cdn.passiton.com/quotes/images/4692/large_20260527_wednesday_quote.jpg,Wherever,there
GIVING BACK,/inspirational-quotes/7157-the-heart-that-gives-gathers,https://cdn.passiton.com/quotes/images/7157/large_20260526_tuesday_quote.jpg,The,heart
THANK YOU,/inspirational-quotes/7426-as-we-express-our-gratitude-we-must-never,https://cdn.passiton.com/quotes/images/7426/large_20260525_monday_quote.jpg,As,we
HELPING OTHERS,/inspirational-quotes/7850-at-the-end-of-the-day-its-not-about-what-you,https://cdn.passiton.com/quotes/images/7850/large_20260522_friday_quote.jpg,At,the
HELPING OTHERS,/inspirational-quotes/7630-those-who-are-happiest-are-those-who-do-the,https://cdn.passiton.com/quotes/images/7630/large_20260521_thursday_quote.jpg,Those,who
HELPING OTHERS,/inspirational-quotes/6985-be-a-lamp-or-a-lifeboat-or-a-ladder-help,https://cdn.passiton.com/quotes/images/6985/large_20260520_wednesday_quote.jpg,Be,a
HELPING OTHERS,/inspirational-quotes/3700-great-opportunities-to-help-others-seldom-come,https://cdn.passiton.com/quotes/images/3700/large_20260519_tuesday_quote.jpg,Great,opportunities
HELPING OTHERS,/inspirational-quotes/8425-the-fastest-route-to-greater-happiness-is,https://cdn.passiton.com/quotes/images/8425/large_20260518_monday_quote.jpg,The,fastest
SELF-CARE,/inspirational-quotes/8258-mind-body-soul-these-are-the-three-things,https://cdn.passiton.com/quotes/images/8258/large_20260515_friday_quote.jpg,Mind.,Body.
SELF-CARE,/inspirational-quotes/7055-there-s-only-one-corner-of-the-universe-you-can,https://cdn.passiton.com/quotes/images/7055/large_20260514_thursday_quote.jpg,There’s,only
SELF-CARE,/inspirational-quotes/7237-if-your-compassion-does-not-include-yourself,https://cdn.passiton.com/quotes/images/7237/large_20260513_wednesday_quote.jpg,If,your
SELF-CARE,/inspirational-quotes/7961-talk-to-yourself-like-you-would-to-someone-you,https://cdn.passiton.com/quotes/images/7961/large_20260512_tuesday_quote.jpg,Talk,to
SELF-CARE,/inspirational-quotes/8140-when-you-feel-good-about-yourself-you-treat,https://cdn.passiton.com/quotes/images/8140/large_20260511_monday_quote.jpg,When,you
EDUCATION,/inspirational-quotes/7664-one-child-one-teacher-one-book-one-pen-can,https://cdn.passiton.com/quotes/images/7664/large_20260508_friday_quote.jpg,One,"child,"
EDUCATION,/inspirational-quotes/7930-education-is-the-way-to-move-mountains-to,https://cdn.passiton.com/quotes/images/7930/large_20260507_thursday_quote.jpg,Education,is
EDUCATION,/inspirational-quotes/7665-education-is-not-the-filling-of-a-pail-but-the,https://cdn.passiton.com/quotes/images/7665/large_20260506_wednesday_quote.jpg,Education,is
EDUCATION,/inspirational-quotes/7932-children-must-be-taught-how-to-think-not-what,https://cdn.passiton.com/quotes/images/7932/large_20260505_tuesday_quote.jpg,Children,must
EDUCATION,/inspirational-quotes/8268-education-is-for-improving-the-lives-of-others,https://cdn.passiton.com/quotes/images/8268/large_20260504_monday_quote.jpg,Education,is
CREATIVITY,/inspirational-quotes/8470-the-power-of-imagination-makes-us-infinite,https://cdn.passiton.com/quotes/images/8470/large_20260501_friday_quote.jpg,The,power
CREATIVITY,/inspirational-quotes/8469-the-goal-isn-t-to-make-something-everyone-will,https://cdn.passiton.com/quotes/images/8469/large_20260430_thursday_quote_.jpg,The,goal
CREATIVITY,/inspirational-quotes/8292-art-washes-away-from-the-soul-the-dust-of,https://cdn.passiton.com/quotes/images/8292/large_20260429_wednesday_quote.jpg,Art,washes
CREATIVITY,/inspirational-quotes/7487-creativity-requires-the-courage-to-let-go-of,https://cdn.passiton.com/quotes/images/7487/large_20260428_tuesday_quote.jpg,Creativity,requires
CREATIVITY,/inspirational-quotes/7946-what-is-creative-living-any-life-that-is,https://cdn.passiton.com/quotes/images/7946/large_20260427_monday_quote.jpg,What,is
STEWARDSHIP,/inspirational-quotes/7275-i-always-wondered-why-somebody-didn-t-do,https://cdn.passiton.com/quotes/images/7275/large_20260424_friday_quote.jpg,I,always
STEWARDSHIP,/inspirational-quotes/8458-we-do-not-inherit-the-earth-from-our-ancestors,https://cdn.passiton.com/quotes/images/8458/large_20260423_thursday_quote.jpg,We,do
STEWARDSHIP,/inspirational-quotes/8374-we-say-things-will-turn-out-but-no-its-what,https://cdn.passiton.com/quotes/images/8374/large_20260422_wednesday_quote.jpg,We,say
STEWARDSHIP,/inspirational-quotes/8373-when-one-tugs-at-a-single-thing-in-nature-one,https://cdn.passiton.com/quotes/images/8373/large_20260421_tuesday_quote.jpg,When,one
STEWARDSHIP,/inspirational-quotes/7755-we-take-care-of-the-future-best-by-taking-care,https://cdn.passiton.com/quotes/images/7755/large_20260420_monday_quote_image.jpg,We,take
GRATITUDE,/inspirational-quotes/8157-start-each-day-with-a-positive-thought-and-a,https://cdn.passiton.com/quotes/images/8157/large_20260417_friday_quote.jpg,Start,each
GRATITUDE,/inspirational-quotes/8367-the-more-grateful-i-am-the-more-beauty-i-see,https://cdn.passiton.com/quotes/images/8367/large_20260416_thursday_quote.jpg,The,more
GRATITUDE,/inspirational-quotes/7841-feeling-gratitude-and-not-expressing-it-is-like,https://cdn.passiton.com/quotes/images/7841/large_20260415_wednesday_quote.jpg,Feeling,gratitude
